"time","x","y","der(x)","der(y)","s",
10,-0.8390148473440419,-0.5438851397795049,0.5438851397795049,-0.8390148473440419,0,
10.02,-0.8279702597905417,-0.5605552652177892,0.5605552652177892,-0.8279702597905417,0,
10.04,-0.8165956698770199,-0.5769995356137382,0.5769995356137382,-0.8165956698770199,0,
10.06,-0.8048951619230498,-0.5932121654235014,0.5932121654235014,-0.8048951619230498,0,
10.08,-0.7928727586620483,-0.6091876546686431,0.6091876546686431,-0.7928727586620483,0,
10.1,-0.7805333178057063,-0.624919552005344,0.624919552005344,-0.7805333178057063,0,
10.12,-0.7678815609789394,-0.6404018437623122,0.6404018437623122,-0.7678815609789394,0,
10.14,-0.7549226183575529,-0.655628413040089,0.655628413040089,-0.7549226183575529,0,
10.16,-0.7416608263885165,-0.670594022970661,0.670594022970661,-0.7416608263885165,0,
10.18,-0.7281018712386499,-0.6852922259097981,0.6852922259097981,-0.7281018712386499,0,
10.2,-0.7142510554708154,-0.6997168822469992,0.6997168822469992,-0.7142510554708154,0,
10.22,-0.7001139593123088,-0.7138620150562562,0.7138620150562562,-0.7001139593123088,0,
10.23999999999999,-0.6856968253436687,-0.7277215325191743,0.7277215325191743,-0.6856968253436687,0,
10.25999999999999,-0.6710050865231806,-0.7412894533838175,0.7412894533838175,-0.6710050865231806,0,
10.27999999999999,-0.6560452520680569,-0.7545608015506637,0.7545608015506637,-0.6560452520680569,0,
10.29999999999999,-0.6408230279659638,-0.7675295659284104,0.7675295659284104,-0.6408230279659638,0,
10.31999999999999,-0.6253447192824518,-0.7801911170122138,0.7801911170122138,-0.6253447192824518,0,
10.33999999999999,-0.6096164633829185,-0.7925403323659145,0.7925403323659145,-0.6096164633829185,0,
10.35999999999999,-0.5936444541859773,-0.8045722017654158,0.8045722017654158,-0.5936444541859773,0,
10.37999999999999,-0.5774352350848401,-0.8162826357845564,0.8162826357845564,-0.5774352350848401,0,
10.39999999999999,-0.5609951634274507,-0.8276670031788528,0.8276670031788528,-0.5609951634274507,0,
10.41999999999999,-0.5443308273637366,-0.8387202459931224,0.8387202459931224,-0.5443308273637366,0,
10.43999999999999,-0.5274488477847015,-0.8494379865302979,0.8494379865302979,-0.5274488477847015,0,
10.45999999999999,-0.5103559480996317,-0.8598157280482347,0.8598157280482347,-0.5103559480996317,0,
10.47999999999999,-0.4930589390598474,-0.8698490286047869,0.8698490286047869,-0.4930589390598474,0,
10.49999999999999,-0.4755647078771804,-0.8795341792700613,0.8795341792700613,-0.4755647078771804,0,
10.51999999999999,-0.4578802180028743,-0.8888682179070465,0.8888682179070465,-0.4578802180028743,0,
10.53999999999999,-0.4400125412028065,-0.8978469300200591,0.8978469300200591,-0.4400125412028065,0,
10.55999999999999,-0.4219688256948368,-0.9064668346573747,0.9064668346573747,-0.4219688256948368,0,
10.57999999999999,-0.4037562855647731,-0.9147244795309059,0.9147244795309059,-0.4037562855647731,0,
10.59999999999999,-0.3853821429856172,-0.9226160640531103,0.9226160640531103,-0.3853821429856172,0,
10.61999999999999,-0.3668538144601403,-0.9301386543882132,0.9301386543882132,-0.3668538144601403,0,
10.63999999999999,-0.3481787559462712,-0.9372891730463689,0.9372891730463689,-0.3481787559462712,0,
10.65999999999999,-0.3293644954374848,-0.9440646827380572,0.9440646827380572,-0.3293644954374848,0,
10.67999999999999,-0.3104182827385299,-0.9504628263855225,0.9504628263855225,-0.3104182827385299,0,
10.69999999999999,-0.2913478796434696,-0.9564808343664049,0.9564808343664049,-0.2913478796434696,0,
10.71999999999998,-0.2721609619749664,-0.9621162757739347,0.9621162757739347,-0.2721609619749664,0,
10.73999999999998,-0.252865273553959,-0.9673668649739741,0.9673668649739741,-0.252865273553959,0,
10.75999999999998,-0.2334683103532041,-0.9722305595919558,0.9722305595919558,-0.2334683103532041,0,
10.77999999999998,-0.2139779131067878,-0.9767053766640856,0.9767053766640856,-0.2139779131067878,0,
10.79999999999998,-0.1944019587833167,-0.9807894883534619,0.9807894883534619,-0.1944019587833167,0,
10.81999999999998,-0.1747483385546253,-0.9844812287849745,0.9844812287849745,-0.1747483385546253,0,
10.83999999999998,-0.1550247762653716,-0.9877791849176677,0.9877791849176677,-0.1550247762653716,0,
10.85999999999998,-0.1352391225845436,-0.9906820592719584,0.9906820592719584,-0.1352391225845436,0,
10.87999999999998,-0.1153994026212318,-0.9931886477086057,0.9931886477086057,-0.1153994026212318,0,
10.89999999999998,-0.09551360236373667,-0.9952979390919705,0.9952979390919705,-0.09551360236373667,0,
10.91999999999998,-0.07558961409433154,-0.9970091000468415,0.9970091000468415,-0.07558961409433154,0,
10.93999999999998,-0.05563528015893533,-0.9983214679204749,0.9983214679204749,-0.05563528015893533,0,
10.95999999999998,-0.03565871267666257,-0.9992344993747673,0.9992344993747673,-0.03565871267666257,0,
10.97999999999998,-0.01566794672090429,-0.9997478261531434,0.9997478261531434,-0.01566794672090429,0,
10.99567016601561,-1.68931656715078e-07,-0.9998366893904911,0.9998366893904911,-1.68931656715078e-07,0,
10.99567077636717,4.4132688458147e-07,-0.9998366928517062,0.9998366928517062,4.4132688458147e-07,1,
10.99999999999998,0.004328941694566986,-0.9998273212417158,0.9998273212417158,0.004328941694566986,1,
11.01999999999998,0.02432260414432316,-0.9995408069105449,0.9995408069105449,0.02432260414432316,1,
11.03999999999998,0.04430535548876766,-0.9988545587030511,0.9988545587030511,0.04430535548876766,1,
11.05999999999998,0.0642702650790664,-0.9977688542060016,0.9977688542060016,0.0642702650790664,1,
11.07999999999998,0.08420945078024418,-0.9962841322557014,0.9962841322557014,0.08420945078024418,1,
11.09999999999998,0.1041155545618458,-0.994400972183174,0.994400972183174,0.1041155545618458,1,
11.11999999999998,0.1239808548252831,-0.9921200740266364,0.9921200740266364,0.1239808548252831,1,
11.13999999999998,0.1437971749667437,-0.9894423494937137,0.9894423494937137,0.1437971749667437,1,
11.15999999999998,0.1635566218000923,-0.9863686597593097,0.9863686597593097,0.1635566218000923,1,
11.17999999999997,0.183250677732704,-0.9829003904542551,0.9829003904542551,0.183250677732704,1,
11.19999999999997,0.2028714330750291,-0.9790389434270531,0.9790389434270531,0.2028714330750291,1,
11.21999999999997,0.2224112678815519,-0.9747865169163061,0.9747865169163061,0.2224112678815519,1,
11.23999999999997,0.2418621680728689,-0.9701445958631093,0.9701445958631093,0.2418621680728689,1,
11.25999999999997,0.2612162280457558,-0.9651148615270938,0.9651148615270938,0.2612162280457558,1,
11.27999999999997,0.2804658988760524,-0.9596994999137303,0.9596994999137303,0.2804658988760524,1,
11.29999999999997,0.2996032637576038,-0.9539001764290903,0.9539001764290903,0.2996032637576038,1,
11.31999999999997,0.31862047993347,-0.9477186612682202,0.9477186612682202,0.31862047993347,1,
11.33999999999997,0.3375104142446203,-0.9411586028920039,0.9411586028920039,0.3375104142446203,1,
11.35999999999997,0.3562655104465082,-0.9342225140218202,0.9342225140218202,0.3562655104465082,1,
11.37999999999997,0.3748779734504095,-0.9269122662208072,0.9269122662208072,0.3748779734504095,1,
11.39999999999997,0.393340541764902,-0.9192312914719005,0.9192312914719005,0.393340541764902,1,
11.41999999999997,0.4116460169614044,-0.9111832131328483,0.9111832131328483,0.4116460169614044,1,
11.43999999999997,0.4297867315861302,-0.9027702312253871,0.9027702312253871,0.4297867315861302,1,
11.45999999999997,0.4477554773473305,-0.8939958049510158,0.8939958049510158,0.4477554773473305,1,
11.47999999999997,0.4655455089692965,-0.8848645588674775,0.8848645588674775,0.4655455089692965,1,
11.49999999999997,0.4831492456715252,-0.8753790146664215,0.8753790146664215,0.4831492456715252,1,
11.51999999999997,0.5005595319221715,-0.8655427144620339,0.8655427144620339,0.5005595319221715,1,
11.53999999999997,0.5177701148303192,-0.8553610985285015,0.8553610985285015,0.5177701148303192,1,
11.55999999999997,0.5347735337406478,-0.8448370673370715,0.8448370673370715,0.5347735337406478,1,
11.57999999999997,0.5515627335094565,-0.8339743741077564,0.8339743741077564,0.5515627335094565,1,
11.59999999999997,0.5681316588789245,-0.822778414816133,0.822778414816133,0.5681316588789245,1,
11.61999999999997,0.5844734099953053,-0.8112531978147621,0.8112531978147621,0.5844734099953053,1,
11.63999999999997,0.6005813932061651,-0.7994032345275291,0.7994032345275291,0.6005813932061651,1,
11.65999999999996,0.6164491188848688,-0.7872332072867834,0.7872332072867834,0.6164491188848688,1,
11.67999999999996,0.6320701754520516,-0.7747479266520934,0.7747479266520934,0.6320701754520516,1,
11.69999999999996,0.6474382293756187,-0.761952331410248,0.761952331410248,0.6474382293756187,1,
11.71999999999996,0.6625473229312542,-0.7488517045047525,0.7488517045047525,0.6625473229312542,1,
11.73999999999996,0.6773914877210057,-0.7354513927678429,0.7354513927678429,0.6773914877210057,1,
11.75999999999996,0.6919645758049557,-0.7217566844608234,0.7217566844608234,0.6919645758049557,1,
11.77999999999996,0.7062606880654423,-0.7077731199145525,0.7077731199145525,0.7062606880654423,1,
11.79999999999996,0.7202740166370388,-0.6935063772630642,0.6935063772630642,0.7202740166370388,1,
11.81999999999996,0.733998844906553,-0.6789622724435677,0.6789622724435677,0.733998844906553,1,
11.83999999999996,0.7474297270750219,-0.6641466501761664,0.6641466501761664,0.7474297270750219,1,
11.85999999999996,0.7605620681830535,-0.6490650318039992,0.6490650318039992,0.7605620681830535,1,
11.87999999999996,0.773390021420103,-0.633723891932747,0.633723891932747,0.773390021420103,1,
11.89999999999996,0.7859084071682223,-0.618129493291586,0.618129493291586,0.7859084071682223,1,
11.91999999999996,0.7981121534910405,-0.6022882264378646,0.6022882264378646,0.7981121534910405,1,
11.93999999999996,0.8099962961337642,-0.5862066097571029,0.5862066097571029,0.8099962961337642,1,
11.95999999999996,0.8215559785231776,-0.5698912894629925,0.5698912894629925,0.8215559785231776,1,
11.97999999999996,0.8327876195604802,-0.5533472708025445,0.5533472708025445,0.8327876195604802,1,
11.99999999999996,0.8436864329427766,-0.5365816754103365,0.5365816754103365,0.8436864329427766,1,
12.01999999999996,0.8542478675270136,-0.5196015596644444,0.5196015596644444,0.8542478675270136,1,
12.03999999999996,0.864467709317676,-0.5024137602110041,0.5024137602110041,0.864467709317676,1,
12.05999999999996,0.8743418698296789,-0.4850252145198906,0.4850252145198906,0.8743418698296789,1,
12.07999999999996,0.8838663860883671,-0.4674429608847183,0.4674429608847183,0.8838663860883671,1,
12.09999999999996,0.893037520450145,-0.4496737193158548,0.4496737193158548,0.893037520450145,1,
12.11999999999995,0.9018516968169999,-0.4317241593501797,0.4317241593501797,0.9018516968169999,1,
12.13999999999995,0.9103052607944002,-0.4136019070523614,0.4136019070523614,0.9103052607944002,1,
12.15999999999995,0.9183947884814881,-0.3953142485280597,0.3953142485280597,0.9183947884814881,1,
12.17999999999995,0.9261169847083525,-0.3768685571850128,0.3768685571850128,0.9261169847083525,1,
12.19999999999995,0.9334686830360277,-0.3582722937330373,0.3582722937330373,0.9334686830360277,1,
12.21999999999995,0.9404471723826759,-0.3395325329043989,0.3395325329043989,0.9404471723826759,1,
12.23999999999995,0.947049623621316,-0.3206567943107045,0.3206567943107045,0.947049623621316,1,
12.25999999999995,0.9532732172701985,-0.3016528574202168,0.3016528574202168,0.9532732172701985,1,
12.27999999999995,0.9591153843982257,-0.2825284124871603,0.2825284124871603,0.9591153843982257,1,
12.29999999999995,0.9645736921299742,-0.2632912264543443,0.2632912264543443,0.9645736921299742,1,
12.31999999999995,0.9696458436456958,-0.2439491429531625,0.2439491429531625,0.9696458436456958,1,
12.33999999999995,0.9743304847556111,-0.2245089525048046,0.2245089525048046,0.9743304847556111,1,
12.35999999999995,0.97862535786709,-0.2049789783274888,0.2049789783274888,0.97862535786709,1,
12.37999999999995,0.9825286670041211,-0.1853671643026243,0.1853671643026243,0.9825286670041211,1,
12.39999999999995,0.9860388087051754,-0.1656814519162409,0.1656814519162409,0.9860388087051754,1,
12.41999999999995,0.9891543288679778,-0.1459298407081318,0.1459298407081318,0.9891543288679778,1,
12.43999999999995,0.9918740143717495,-0.1261201889898333,0.1261201889898333,0.9918740143717495,1,
12.45999999999995,0.9941972141989313,-0.1062595153921021,0.1062595153921021,0.9941972141989313,1,
12.47999999999995,0.9961227278875208,-0.08635641652529659,0.08635641652529659,0.9961227278875208,1,
12.49999999999995,0.9976497990213639,-0.06641890609847223,0.06641890609847223,0.9976497990213639,1,
12.51999999999995,0.9987778302715187,-0.04645503471575424,0.04645503471575424,0.9987778302715187,1,
12.53999999999995,0.9995063833962542,-0.02647288987633745,0.02647288987633745,0.9995063833962542,1,
12.55999999999995,0.9998352064854248,-0.006480157418462018,0.006480157418462018,0.9998352064854248,1,
12.57999999999995,0.9997642159825196,0.01351558908731135,-0.01351558908731135,0.9997642159825196,1,
12.59999999999994,0.9992934368133947,0.03350592458298059,-0.03350592458298059,0.9992934368133947,1,
12.61999999999994,0.9984230790561066,0.05348280668679791,-0.05348280668679791,0.9984230790561066,1,
12.63999999999994,0.9971535130095426,0.07343817436996156,-0.07343817436996156,0.9971535130095426,1,
12.65999999999994,0.9954852691934216,0.09336394795661597,-0.09336394795661597,0.9954852691934216,1,
12.67999999999994,0.993418916792264,0.1132526760240886,-0.1132526760240886,0.993418916792264,1,
12.69999999999994,0.9909552807236959,0.1330963802027884,-0.1330963802027884,0.9909552807236959,1,
12.71999999999994,0.9880953817397059,0.1528868739469951,-0.1528868739469951,0.9880953817397059,1,
12.73999999999994,0.9848403590735957,0.1726161741944536,-0.1726161741944536,0.9848403590735957,1,
12.75999999999994,0.9811915092048393,0.1922762950664776,-0.1922762950664776,0.9811915092048393,1,
12.77999999999994,0.9771502858590824,0.2118592478679498,-0.2118592478679498,0.9771502858590824,1,
12.79999999999994,0.9727182153987664,0.2313579653272631,-0.2313579653272631,0.9727182153987664,1,
12.81999999999994,0.9678970830201011,0.2507642676529573,-0.2507642676529573,0.9678970830201011,1,
12.83999999999994,0.9626887950023092,0.2700703672694409,-0.2700703672694409,0.9626887950023092,1,
12.85999999999994,0.9570954078446113,0.2892685505358836,-0.2892685505358836,0.9570954078446113,1,
12.87999999999994,0.9511191310420898,0.3083511474237561,-0.3083511474237561,0.9511191310420898,1,
12.89999999999994,0.9447623445924767,0.3273105182026154,-0.3273105182026154,0.9447623445924767,1,
12.91999999999994,0.9380276554630911,0.3461390039497295,-0.3461390039497295,0.9380276554630911,1,
12.93999999999994,0.9309177076764912,0.3648291058352233,-0.3648291058352233,0.9309177076764912,1,
12.95999999999994,0.9234353488558339,0.3833733334191988,-0.3833733334191988,0.9234353488558339,1,
12.97999999999994,0.9155835831950117,0.4017642512625511,-0.4017642512625511,0.9155835831950117,1,
12.99999999999994,0.9073655715327881,0.4199944817997111,-0.4199944817997111,0.9073655715327881,1,
13.01999999999994,0.8987845829883384,0.4380567331185767,-0.4380567331185767,0.8987845829883384,1,
13.03999999999994,0.8898440243228042,0.455943786773629,-0.455943786773629,0.8898440243228042,1,
13.05999999999993,0.8805475376773746,0.4736484504397507,-0.4736484504397507,0.8805475376773746,1,
13.07999999999993,0.8708988774403024,0.4911636241382268,-0.4911636241382268,0.8708988774403024,1,
13.09999999999993,0.8609019492934313,0.5084822830698359,-0.5084822830698359,0.8609019492934313,1,
13.11999999999993,0.8505608098761924,0.525597480698488,-0.525597480698488,0.8505608098761924,1,
13.13999999999993,0.8398794330310037,0.5425024190619011,-0.5425024190619011,0.8398794330310037,1,
13.15999999999993,0.8288621070992849,0.5591903373329866,-0.5591903373329866,0.8288621070992849,1,
13.17999999999993,0.8175133200408001,0.5756545478935652,-0.5756545478935652,0.8175133200408001,1,
13.19999999999993,0.8058376288049143,0.5918884769437012,-0.5918884769437012,0.8058376288049143,1,
13.21999999999993,0.7938397230348202,0.6078856491410712,-0.6078856491410712,0.7938397230348202,1,
13.23999999999993,0.7815244235641566,0.6236396910208195,-0.6236396910208195,0.7815244235641566,1,
13.25999999999993,0.768896486124699,0.6391442234107382,-0.6391442234107382,0.768896486124699,1,
13.27999999999993,0.7559610341911862,0.6543931123738285,-0.6543931123738285,0.7559610341911862,1,
13.29999999999993,0.7427232273220886,0.6693802844817174,-0.6693802844817174,0.7427232273220886,1,
13.31999999999993,0.7291883370848805,0.6840997743589027,-0.6840997743589027,0.7291883370848805,1,
13.33999999999993,0.7153617491698432,0.6985457301639419,-0.6985457301639419,0.7153617491698432,1,
13.35999999999993,0.7012489806085813,0.7127123732212156,-0.7127123732212156,0.7012489806085813,1,
13.37999999999993,0.6868557283699955,0.7265938873749342,-0.7265938873749342,0.6868557283699955,1,
13.39999999999993,0.6721876858629829,0.7401848281747873,-0.7401848281747873,0.6721876858629829,1,
13.41999999999993,0.6572507025672029,0.7534797635394169,-0.7534797635394169,0.6572507025672029,1,
13.43999999999993,0.6420507362772591,0.7664733789146595,-0.7664733789146595,0.6420507362772591,1,
13.45999999999993,0.6265938513042354,0.7791604794986438,-0.7791604794986438,0.6265938513042354,1,
13.47999999999993,0.6108862554359977,0.7915359606107977,-0.7915359606107977,0.6108862554359977,1,
13.49999999999993,0.5949342700545007,0.8035948329995719,-0.8035948329995719,0.5949342700545007,1,
13.51999999999992,0.5787442607877898,0.8153322805869755,-0.8153322805869755,0.5787442607877898,1,
13.53999999999992,0.5623227259103084,0.8267435885586808,-0.8267435885586808,0.5623227259103084,1,
13.55999999999992,0.5456762655984381,0.8378241693800401,-0.8378241693800401,0.5456762655984381,1,
13.57999999999992,0.5288115804454074,0.8485695647636261,-0.8485695647636261,0.5288115804454074,1,
13.59999999999992,0.5117353245294799,0.8589755255666716,-0.8589755255666716,0.5117353245294799,1,
13.61999999999992,0.4944543590917475,0.8690378770431283,-0.8690378770431283,0.4944543590917475,1,
13.63999999999992,0.4769756627850003,0.878752568103875,-0.878752568103875,0.4769756627850003,1,
13.65999999999992,0.4593062623940151,0.8881157096084042,-0.8881157096084042,0.4593062623940151,1,
13.67999999999992,0.4414532676738969,0.8971235568703788,-0.8971235568703788,0.4414532676738969,1,
13.69999999999992,0.4234238691605011,0.9057725120026333,-0.9057725120026333,0.4234238691605011,1,
13.71999999999992,0.4052250298302439,0.9140591202286855,-0.9140591202286855,0.4052250298302439,1,
13.73999999999992,0.386864174178327,0.9219800858509579,-0.9219800858509579,0.386864174178327,1,
13.75999999999992,0.3683486474052117,0.9295322639808008,-0.9295322639808008,0.3683486474052117,1,
13.77999999999992,0.3496858505919548,0.9367126655906245,-0.9367126655906245,0.3496858505919548,1,
13.79999999999992,0.3308832399955623,0.9435184598881656,-0.9435184598881656,0.3308832399955623,1,
13.81999999999992,0.3119483211075509,0.9499469260087217,-0.9499469260087217,0.3119483211075509,1,
13.83999999999992,0.2928886395990485,0.9559953471648432,-0.9559953471648432,0.2928886395990485,1,
13.85999999999992,0.2737118007418493,0.9616614310848702,-0.9616614310848702,0.2737118007418493,1,
13.87999999999992,0.2544254457153902,0.9669429336227032,-0.9669429336227032,0.2544254457153902,1,
13.89999999999992,0.2350372542152947,0.9718377684697003,-0.9718377684697003,0.2350372542152947,1,
13.91999999999992,0.2155549412041596,0.9763440086042995,-0.9763440086042995,0.2155549412041596,1,
13.93999999999992,0.1959863451738412,0.9804597822885954,-0.9804597822885954,0.1959863451738412,1,
13.95999999999992,0.1763393484289721,0.9841833626348279,-0.9841833626348279,0.1763393484289721,1,
13.97999999999992,0.1566217375081752,0.9875133261540446,-0.9875133261540446,0.1566217375081752,1,
13.99999999999991,0.136841394569001,0.9904483299195515,-0.9904483299195515,0.136841394569001,1,
14.01999999999991,0.1170062306880122,0.9929871861337898,-0.9929871861337898,0.1170062306880122,1,
14.03999999999991,0.09712418331915346,0.9951288627625799,-0.9951288627625799,0.09712418331915346,1,
14.05999999999991,0.07720323132229533,0.9968724983191823,-0.9968724983191823,0.07720323132229533,1,
14.07999999999991,0.05725136074834684,0.9982173769910583,-0.9982173769910583,0.05725136074834684,1,
14.09999999999991,0.0372765749011754,0.999162939424151,-0.999162939424151,0.0372765749011754,1,
14.11999999999991,0.01728689844654871,0.9997087887130459,-0.9997087887130459,0.01728689844654871,1,
14.13728942871085,4.71567402565194e-07,0.9998349143346784,-0.9998349143346784,4.71567402565194e-07,1,
14.13729003906241,-1.386781892428389e-07,0.9998349187871662,-0.9998349187871662,-1.386781892428389e-07,0,
14.13999999999991,-0.002709648261400654,0.9998312470119148,-0.9998312470119148,-0.002709648261400654,0,
14.15999999999991,-0.0227039974055726,0.9995771070085812,-0.9995771070085812,-0.0227039974055726,0,
14.17999999999991,-0.04268735230241932,0.9989232416459527,-0.9989232416459527,-0.04268735230241932,0,
14.19999999999991,-0.06265275844763715,0.9978699444564686,-0.9978699444564686,-0.06265275844763715,0,
14.21999999999991,-0.08259300964023931,0.9964176359384173,-0.9964176359384173,-0.08259300964023931,0,
14.23999999999991,-0.1025002251452336,0.9945668997413962,-0.9945668997413962,-0.1025002251452336,0,
14.25999999999991,-0.122367485412201,0.9923184074163861,-0.9923184074163861,-0.122367485412201,0,
14.27999999999991,-0.1421863060059,0.9896731335589672,-0.9896731335589672,-0.1421863060059,0,
14.29999999999991,-0.1619496663995617,0.9866319380896328,-0.9866319380896328,-0.1619496663995617,0,
14.31999999999991,-0.1816488790514669,0.9831960751126675,-0.9831960751126675,-0.1816488790514669,0,
14.33999999999991,-0.2012762523160016,0.9793665574467474,-0.9793665574467474,-0.2012762523160016,0,
14.35999999999991,-0.2208231452815141,0.9751453676508337,-0.9751453676508337,-0.2208231452815141,0,
14.37999999999991,-0.2402815441675108,0.9705336296619631,-0.9705336296619631,-0.2402815441675108,0,
14.39999999999991,-0.2596436340950446,0.9655337838247239,-0.9655337838247239,-0.2596436340950446,0,
14.41999999999991,-0.2789013206546427,0.9601474658673099,-0.9601474658673099,-0.2789013206546427,0,
14.43999999999991,-0.298047084537983,0.9543770815260393,-0.9543770815260393,-0.298047084537983,0,
14.4599999999999,-0.3170733545702579,0.9482249990817782,-0.9482249990817782,-0.3170733545702579,0,
14.4799999999999,-0.3359725074922074,0.941693554656405,-0.941693554656405,-0.3359725074922074,0,
14.4999999999999,-0.3547374513188393,0.934785803988968,-0.934785803988968,-0.3547374513188393,0,
14.5199999999999,-0.373360751542023,0.9275044295941625,-0.9275044295941625,-0.373360751542023,0,
14.5399999999999,-0.3918345950060211,0.919852124196696,-0.919852124196696,-0.3918345950060211,0,
14.5599999999999,-0.4101516160191054,0.9118319148385756,-0.9118319148385756,-0.4101516160191054,0,
14.5799999999999,-0.4283043137657792,0.9034468674916154,-0.9034468674916154,-0.4283043137657792,0,
14.5999999999999,-0.4462851808722861,0.8947001522435672,-0.8947001522435672,-0.4462851808722861,0,
14.6199999999999,-0.4640878887842658,0.8855957662341545,-0.8855957662341545,-0.4640878887842658,0,
14.6399999999999,-0.4817052606715787,0.8761372973738432,-0.8761372973738432,-0.4817052606715787,0,
14.6599999999999,-0.4991301811783446,0.8663284791805895,-0.8663284791805895,-0.4991301811783446,0,
14.6799999999999,-0.5163557760632888,0.8561733003385775,-0.8561733003385775,-0.5163557760632888,0,
14.6999999999999,-0.5333748062355573,0.8456755523957892,-0.8456755523957892,-0.5333748062355573,0,
14.7199999999999,-0.5501805269752231,0.8348395123397753,-0.8348395123397753,-0.5501805269752231,0,
14.7399999999999,-0.5667661824037764,0.8236695409985385,-0.8236695409985385,-0.5667661824037764,0,
14.7599999999999,-0.5831250416867341,0.812170111800352,-0.812170111800352,-0.5831250416867341,0,
14.7799999999999,-0.5992509065070573,0.8003457977955922,-0.8003457977955922,-0.5992509065070573,0,
14.7999999999999,-0.6151371405517001,0.7882013553956945,-0.7882013553956945,-0.6151371405517001,0,
14.8199999999999,-0.6307773343788927,0.7757416670063105,-0.7757416670063105,-0.6307773343788927,0,
14.8399999999999,-0.6461651767198398,0.7629717490235725,-0.7629717490235725,-0.6461651767198398,0,
14.8599999999999,-0.6612946827179673,0.7498965547886767,-0.7498965547886767,-0.6612946827179673,0,
14.8799999999999,-0.6761596706073068,0.7365214040518283,-0.7365214040518283,-0.6761596706073068,0,
14.8999999999999,-0.6907541476449053,0.722851666256764,-0.722851666256764,-0.6907541476449053,0,
14.9199999999999,-0.7050722321741821,0.7088928300134603,-0.7088928300134603,-0.7050722321741821,0,
14.93999999999989,-0.7191084098028077,0.6946503651633095,-0.6946503651633095,-0.7191084098028077,0,
14.95999999999989,-0.7328569331515487,0.6801300459746175,-0.6801300459746175,-0.7328569331515487,0,
14.97999999999989,-0.7463122760760005,0.6653377065742794,-0.6653377065742794,-0.7463122760760005,0,
14.99999999999989,-0.7594690399010432,0.6502792804691581,-0.6502792804691581,-0.7594690399010432,0,
15.01999999999989,-0.7723220905784313,0.6349606599108962,-0.6349606599108962,-0.7723220905784313,0,
15.03999999999989,-0.7848662012720534,0.619388062372821,-0.619388062372821,-0.7848662012720534,0,
15.05999999999989,-0.7970963313136078,0.6035677445214152,-0.6035677445214152,-0.7970963313136078,0,
15.07999999999989,-0.8090075751893699,0.5875060523192399,-0.5875060523192399,-0.8090075751893699,0,
15.09999999999989,-0.8205952429272144,0.5712093303660901,-0.5712093303660901,-0.8205952429272144,0,
15.11999999999989,-0.8318546513188381,0.5546841573543141,-0.5546841573543141,-0.8318546513188381,0,
15.13999999999989,-0.8427812893640919,0.5379371594840697,-0.5379371594840697,-0.8427812893640919,0,
15.15999999999989,-0.853370785578311,0.5209750370590448,-0.5209750370590448,-0.853370785578311,0,
15.17999999999989,-0.8636189262438999,0.5038045225820496,-0.5038045225820496,-0.8636189262438999,0,
15.19999999999989,-0.8735216058176097,0.4864325031673469,-0.4864325031673469,-0.8735216058176097,0,
15.21999999999989,-0.8830748712614858,0.4688659154728702,-0.4688659154728702,-0.8830748712614858,0,
15.23999999999989,-0.8922749131945746,0.4511117694308495,-0.4511117694308495,-0.8922749131945746,0,
15.25999999999989,-0.9011180681596798,0.4331771450581504,-0.4331771450581504,-0.9011180681596798,0,
15.27999999999989,-0.9096008208901185,0.41506918926661,-0.41506918926661,-0.9096008208901185,0,
15.29999999999989,-0.9177198065764767,0.3967951126733745,-0.3967951126733745,-0.9177198065764767,0,
15.31999999999989,-0.9254717320979507,0.3783622688262661,-0.3783622688262661,-0.9254717320979507,0,
15.33999999999989,-0.9328534160468647,0.3597781126135398,-0.3597781126135398,-0.9328534160468647,0,
15.35999999999989,-0.9398619919334706,0.3410499927152369,-0.3410499927152369,-0.9398619919334706,0,
15.37999999999989,-0.9464946650913156,0.3221853979521502,-0.3221853979521502,-0.9464946650913156,0,
15.39999999999988,-0.952748793292593,0.3031918744136927,-0.3031918744136927,-0.952748793292593,0,
15.41999999999988,-0.9586218883189466,0.2840770229760369,-0.2840770229760369,-0.9586218883189466,0,
15.43999999999988,-0.9641116175322708,0.2648484968202541,-0.2648484968202541,-0.9641116175322708,0,
15.45999999999988,-0.969215805445515,0.2455139989504533,-0.2455139989504533,-0.969215805445515,0,
15.47999999999988,-0.97393231489301,0.2260812528356327,-0.2260812528356327,-0.97393231489301,0,
15.49999999999988,-0.9782592142185165,0.2065580368975814,-0.2065580368975814,-0.9782592142185165,0,
15.51999999999988,-0.9821948439766849,0.1869521965677496,-0.1869521965677496,-0.9821948439766849,0,
15.53999999999988,-0.9857376304146765,0.1672715998193498,-0.1672715998193498,-0.9857376304146765,0,
15.55999999999988,-0.9888861586301609,0.1475241506654839,-0.1475241506654839,-0.9888861586301609,0,
15.57999999999988,-0.9916391737558037,0.1277177865910471,-0.1277177865910471,-0.9916391737558037,0,
15.59999999999988,-0.9939955821437526,0.1078604759846327,-0.1078604759846327,-0.9939955821437526,0,
15.61999999999988,-0.9959544525501255,0.08796021557043639,-0.08796021557043639,-0.9959544525501255,0,
15.63999999999988,-0.9975148923097168,0.06802473667937017,-0.06802473667937017,-0.9975148923097168,0,
15.65999999999988,-0.9986762827398991,0.0480620482023693,-0.0480620482023693,-0.9986762827398991,0,
15.67999999999988,-0.9994382033229842,0.02808025467632412,-0.02808025467632412,-0.9994382033229842,0,
15.69999999999988,-0.9998003540150289,0.00808737000631498,-0.00808737000631498,-0.9998003540150289,0,
15.71999999999988,-0.9997625991240363,-0.01190858566437675,0.01190858566437675,-0.9997625991240363,0,
15.73999999999988,-0.9993249682691074,-0.03189958904719534,0.03189958904719534,-0.9993249682691074,0,
15.75999999999988,-0.998487657339592,-0.05187761680123752,0.05187761680123752,-0.998487657339592,0,
15.77999999999988,-0.9972510294542386,-0.07183464862617914,0.07183464862617914,-0.9972510294542386,0,
15.79999999999988,-0.9956153752527325,-0.09176299465674836,0.09176299465674836,-0.9956153752527325,0,
15.81999999999988,-0.9935814411393329,-0.1116545880355613,0.1116545880355613,-0.9935814411393329,0,
15.83999999999988,-0.9911500972320899,-0.131501436739617,0.131501436739617,-0.9911500972320899,0,
15.85999999999988,-0.9883223395441139,-0.151295625026409,0.151295625026409,-0.9883223395441139,0,
15.87999999999987,-0.9850993303821619,-0.1710292633818935,0.1710292633818935,-0.9850993303821619,0,
15.89999999999987,-0.9814823989969428,-0.1906944920295902,0.1906944920295902,-0.9814823989969428,0,
15.91999999999987,-0.9774730422334187,-0.2102834844396846,0.2102834844396846,-0.9774730422334187,0,
15.93999999999987,-0.9730729251811084,-0.2297884508381295,0.2297884508381295,-0.9730729251811084,0,
15.95999999999987,-0.9682833107616085,-0.249201463418811,0.249201463418811,-0.9682833107616085,0,
15.97999999999987,-0.9631064373355036,-0.268514889765354,0.268514889765354,-0.9631064373355036,0,
15.99999999999987,-0.9575444176558935,-0.2877210523890026,0.2877210523890026,-0.9575444176558935,0,
16.01999999999987,-0.9515995046410036,-0.3068123150140818,0.3068123150140818,-0.9515995046410036,0,
16.03999999999987,-0.9452741112927723,-0.3257810921030305,0.3257810921030305,-0.9452741112927723,0,
16.05999999999987,-0.9385708107365658,-0.3446198521748667,0.3446198521748667,-0.9385708107365658,0,
16.07999999999987,-0.931492336260895,-0.3633211211236513,0.3633211211236513,-0.931492336260895,0,
16.09999999999987,-0.9240415182239969,-0.3818774311576552,0.3818774311576552,-0.9240415182239969,0,
16.11999999999987,-0.9162206169609906,-0.4002807494877,0.4002807494877,-0.9162206169609906,0,
16.13999999999987,-0.9080332254384355,-0.4185241204500596,0.4185241204500596,-0.9080332254384355,0,
16.15999999999987,-0.8994825976849621,-0.4366002289957361,0.4366002289957361,-0.8994825976849621,0,
16.17999999999987,-0.8905721321726007,-0.454501820331955,0.454501820331955,-0.8905721321726007,0,
16.19999999999987,-0.8813053709634086,-0.472221702471374,0.472221702471374,-0.8813053709634086,0,
16.21999999999987,-0.871685998856097,-0.4897527487812924,0.4897527487812924,-0.871685998856097,0,
16.23999999999987,-0.8617178425326603,-0.5070879005328587,0.5070879005328587,-0.8617178425326603,0,
16.25999999999987,-0.8514048845243269,-0.5242202178725173,0.5242202178725173,-0.8514048845243269,0,
16.27999999999987,-0.8407512924849507,-0.5411429808106021,0.5411429808106021,-0.8407512924849507,0,
16.29999999999987,-0.8297612841359616,-0.5578492532657241,0.5578492532657241,-0.8297612841359616,0,
16.31999999999987,-0.8184392563591485,-0.5743323102138586,0.5743323102138586,-0.8184392563591485,0,
16.33999999999986,-0.8067897451205057,-0.5905855120768692,0.5905855120768692,-0.8067897451205057,0,
16.35999999999986,-0.7948174246985985,-0.6066023075387988,0.6066023075387988,-0.7948174246985985,0,
16.37999999999986,-0.7825271069129311,-0.6223762363621609,0.6223762363621609,-0.7825271069129311,0,
16.39999999999986,-0.7699237403523125,-0.6379009322042289,0.6379009322042289,-0.7699237403523125,0,
16.41999999999986,-0.7570123349317294,-0.6531702789985614,0.6531702789985614,-0.7570123349317294,0,
16.43999999999986,-0.743797970647779,-0.6681783941784611,0.6681783941784611,-0.743797970647779,0,
16.45999999999986,-0.7302860744254888,-0.6829190605586176,0.6829190605586176,-0.7302860744254888,0,
16.47999999999986,-0.7164820994735316,-0.6973863869847023,0.6973863869847023,-0.7164820994735316,0,
16.49999999999986,-0.7023916274020063,-0.7115745995530226,0.7115745995530226,-0.7023916274020063,0,
16.51999999999986,-0.6880203672015143,-0.7254780449394909,0.7254780449394909,-0.6880203672015143,0,
16.53999999999986,-0.6733741542222319,-0.739091193728594,0.739091193728594,-0.6733741542222319,0,
16.55999999999986,-0.6584589491529884,-0.7524086437423636,0.7524086437423636,-0.6584589491529884,0,
16.57999999999986,-0.6432803426196749,-0.7654250237928057,0.7654250237928057,-0.6432803426196749,0,
16.59999999999986,-0.6278441051575241,-0.7781351079901232,0.7781351079901232,-0.6278441051575241,0,
16.61999999999986,-0.6121568183386611,-0.7905339463969685,0.7905339463969685,-0.6121568183386611,0,
16.63999999999986,-0.5962247694093304,-0.802616645924483,0.802616645924483,-0.5962247694093304,0,
16.65999999999986,-0.580054344684475,-0.8143784531031498,0.8143784531031498,-0.580054344684475,0,
16.67999999999986,-0.5636520273653634,-0.8258147571778286,0.8258147571778286,-0.5636520273653634,0,
16.69999999999986,-0.547024395357216,-0.8369210932027901,0.8369210932027901,-0.547024395357216,0,
16.71999999999986,-0.530178119086832,-0.8476931451367505,0.8476931451367505,-0.530178119086832,0,
16.73999999999986,-0.5131197603461559,-0.8581260051727637,0.8581260051727637,-0.5131197603461559,0,
16.75999999999986,-0.4958561045008698,-0.86821542678686,0.86821542678686,-0.4958561045008698,0,
16.77999999999986,-0.478394134237349,-0.8779577378569123,0.8779577378569123,-0.478394134237349,0,
16.79999999999986,-0.4607408170476841,-0.8873490575342716,0.8873490575342716,-0.4607408170476841,0,
16.81999999999985,-0.442903195510823,-0.8963856449674721,0.8963856449674721,-0.442903195510823,0,
16.83999999999985,-0.4248883847548507,-0.9050639010689828,0.9050639010689828,-0.4248883847548507,0,
16.85999999999985,-0.4067035699192694,-0.9133803702819554,0.9133803702819554,-0.4067035699192694,0,
16.87999999999985,-0.388356003617279,-0.921331742346974,0.921331742346974,-0.388356003617279,0,
16.89999999999985,-0.3698530704784954,-0.9289146333570697,0.9289146333570697,-0.3698530704784954,0,
16.91999999999985,-0.3512021472209469,-0.9361260395735119,0.9361260395735119,-0.3512021472209469,0,
16.93999999999985,-0.3324106692261667,-0.9429631117937877,0.9429631117937877,-0.3324106692261667,0,
16.95999999999985,-0.3134861476070866,-0.9494230926108957,0.9494230926108957,-0.3134861476070866,0,
16.97999999999985,-0.2944361500268394,-0.955503372941373,0.955503372941373,-0.2944361500268394,0,
16.99999999999985,-0.2752682982565046,-0.9612014934779386,0.9612014934779386,-0.2752682982565046,0,
17.01999999999985,-0.255990265732854,-0.966515146142137,0.966515146142137,-0.255990265732854,0,
17.03999999999985,-0.2366097751160983,-0.9714421755369809,0.9714421755369809,-0.2366097751160983,0,
17.05999999999985,-0.2171345426267589,-0.975980612662609,0.975980612662609,-0.2171345426267589,0,
17.07999999999985,-0.1975723983502695,-0.9801286019585833,0.9801286019585833,-0.1975723983502695,0,
17.09999999999985,-0.1779311949416629,-0.9838844566201252,0.9838844566201252,-0.1779311949416629,0,
17.11999999999985,-0.1582188182562769,-0.9872466521258042,0.9872466521258042,-0.1582188182562769,0,
17.13999999999985,-0.1384431900012152,-0.9902138246023199,0.9902138246023199,-0.1384431900012152,0,
17.15999999999985,-0.1186122652307821,-0.992784772314919,0.992784772314919,-0.1186122652307821,0,
17.17999999999985,-0.09873402984191663,-0.9949584571578124,0.9949584571578124,-0.09873402984191663,0,
17.19999999999985,-0.0788164898120195,-0.996734006652476,0.996734006652476,-0.0788164898120195,0,
17.21999999999985,-0.05886721204580033,-0.9981107435242348,0.9981107435242348,-0.05886721204580033,0,
17.23999999999985,-0.03889448311676243,-0.9990881157702541,0.9990881157702541,-0.03889448311676243,0,
17.25999999999985,-0.018906321710492,-0.9996657587355768,0.9996657587355768,-0.018906321710492,0,
17.27890991210922,-6.023139717106584e-07,-0.9998337928260275,0.9998337928260275,-6.023139717106584e-07,0,
17.27891052246078,7.902263410388854e-09,-0.9998337982496313,0.9998337982496313,7.902263410388854e-09,1,
17.27999999999984,0.001089304108972888,-0.9998332048485321,0.9998332048485321,0.001089304108972888,1,
17.29999999999984,0.02108400198299095,-0.999611469678364,0.999611469678364,0.02108400198299095,1,
17.31999999999984,0.04106891209005584,-0.9989899683211833,0.9989899683211833,0.04106891209005584,1,
17.33999999999984,0.06103712268975608,-0.9979689594805341,0.9979689594805341,0.06103712268975608,1,
17.35999999999984,0.08098085314590298,-0.9965488575523569,0.9965488575523569,0.08098085314590298,1,
17.37999999999984,0.1008927931213973,-0.9947302030956949,0.9947302030956949,0.1008927931213973,1,
17.39999999999984,0.1207650396856143,-0.9925137171175151,0.9925137171175151,0.1207650396856143,1,
17.41999999999984,0.1405898092466224,-0.9899002286867249,0.9899002286867249,0.1405898092466224,1,
17.43999999999984,0.1603589878479363,-0.9868906014564516,0.9868906014564516,0.1603589878479363,1,
17.45999999999984,0.1800641330806136,-0.983486223801322,0.983486223801322,0.1800641330806136,1,
17.47999999999984,0.1996972051792559,-0.9796882801949183,0.9796882801949183,0.1996972051792559,1,
17.49999999999984,0.2192506553124744,-0.9754991056940953,0.9754991056940953,0.2192506553124744,1,
17.51999999999984,0.2387164608505688,-0.9709201759555254,0.9709201759555254,0.2387164608505688,1,
17.53999999999984,0.2580867185704847,-0.9659531832219066,0.9659531832219066,0.2580867185704847,1,
17.55999999999984,0.2773537645383614,-0.960600158104456,0.960600158104456,0.2773537645383614,1,
17.57999999999984,0.2965098395799074,-0.9548629965390119,0.9548629965390119,0.2965098395799074,1,
17.59999999999984,0.3155470487259804,-0.9487434024397716,0.9487434024397716,0.3155470487259804,1,
17.61999999999984,0.3344579679614809,-0.9422442439154256,0.9422442439154256,0.3344579679614809,1,
17.63999999999984,0.3532354255888621,-0.935369064251143,0.935369064251143,0.3532354255888621,1,
17.65999999999984,0.3718715017504162,-0.9281194047305094,0.9281194047305094,0.3718715017504162,1,
17.67999999999984,0.3903587236695852,-0.9204980533663969,0.9204980533663969,0.3903587236695852,1,
17.69999999999984,0.4086901619603168,-0.9125094354028745,0.9125094354028745,0.4086901619603168,1,
17.71999999999984,0.4268580717119874,-0.9041555189150801,0.9041555189150801,0.4268580717119874,1,
17.73999999999984,0.4448550112147565,-0.8954391757527433,0.8954391757527433,0.4448550112147565,1,
17.75999999999983,0.4626745138979063,-0.8863657135256943,0.8863657135256943,0.4626745138979063,1,
17.77999999999983,0.4803089289365359,-0.8769374817437141,0.8769374817437141,0.4803089289365359,1,
17.79999999999983,0.4977509896948958,-0.8671577895669383,0.8671577895669383,0.4977509896948958,1,
17.81999999999983,0.5149943160690819,-0.8570317958161698,0.8570317958161698,0.5149943160690819,1,
17.83999999999983,0.5320317865599868,-0.8465631124647398,0.8465631124647398,0.5320317865599868,1,
17.85999999999983,0.5488562279289219,-0.8357552435364766,0.8357552435364766,0.5488562279289219,1,
17.87999999999983,0.5654611380877244,-0.8246128462615092,0.8246128462615092,0.5654611380877244,1,
17.89999999999983,0.5818401290911538,-0.8131407638667407,0.8131407638667407,0.5818401290911538,1,
17.91999999999983,0.597986418827172,-0.8013431972812454,0.8013431972812454,0.597986418827172,1,
17.93999999999983,0.6138935078557424,-0.7892248080502959,0.7892248080502959,0.6138935078557424,1,
17.95999999999983,0.6295549752508349,-0.7767903856583415,0.7767903856583415,0.6295549752508349,1,
17.97999999999983,0.6449644786004262,-0.7640448475290078,0.7640448475290078,0.6449644786004262,1,
17.99999999999983,0.6601158361791692,-0.7509932978418657,0.7509932978418657,0.6601158361791692,1,
18.01999999999983,0.675003366097906,-0.7376412702856383,0.7376412702856383,0.675003366097906,1,
18.03999999999983,0.6896207957706386,-0.723993947486866,0.723993947486866,0.6896207957706386,1,
18.05999999999983,0.7039622150246055,-0.7100568432179492,0.7100568432179492,0.7039622150246055,1,
18.07999999999983,0.718021805472196,-0.6958356086895578,0.6958356086895578,0.718021805472196,1,
18.09999999999983,0.7317938405109506,-0.6813360325506315,0.6813360325506315,0.7317938405109506,1,
18.11999999999983,0.7452726853235609,-0.6665640408883792,0.6665640408883792,0.7452726853235609,1,
18.13999999999983,0.7584538239283154,-0.6515250467189597,0.6515250467189597,0.7584538239283154,1,
18.15999999999983,0.771331829314711,-0.6362252356552979,0.6362252356552979,0.771331829314711,1,
18.17999999999983,0.7839012872655973,-0.6206709807801117,0.6206709807801117,0.7839012872655973,1,
18.19999999999983,0.7961571520803115,-0.6048686173393449,0.6048686173393449,0.7961571520803115,1,
18.21999999999982,0.8080944898668381,-0.5888246053348039,0.5888246053348039,0.8080944898668381,1,
18.23999999999982,0.8197084785418084,-0.5725455295241589,0.5725455295241589,0.8197084785418084,1,
18.25999999999982,0.8309945972909538,-0.5560376108095111,0.5560376108095111,0.8309945972909538,1,
18.27999999999982,0.8419486843674997,-0.5393065571774852,0.5393065571774852,0.8419486843674997,1,
18.29999999999982,0.8525660420707235,-0.522359871926125,0.522359871926125,0.8525660420707235,1,
18.31999999999982,0.86284238782068,-0.5052044008786746,0.5052044008786746,0.86284238782068,1,
18.33999999999982,0.8727735588953268,-0.4878470938555137,0.4878470938555137,0.8727735588953268,1,
18.35999999999982,0.8823555124305231,-0.4702950046741584,0.4702950046741584,0.8823555124305231,1,
18.37999999999982,0.8915843254200302,-0.452555291149261,0.452555291149261,0.8915843254200302,1,
18.39999999999982,0.9004569813382671,-0.4346338601858613,0.4346338601858613,0.9004569813382671,1,
18.41999999999982,0.9089695644834721,-0.4165384779063417,0.4165384779063417,0.9089695644834721,1,
18.43999999999982,0.9171185576469986,-0.3982765344991115,0.3982765344991115,0.9171185576469986,1,
18.45999999999982,0.9249006417967484,-0.3798553892509213,0.3798553892509213,0.9249006417967484,1,
18.47999999999982,0.932312628105143,-0.3612824876242783,0.3612824876242783,0.932312628105143,1,
18.49999999999982,0.9393514579491237,-0.3425653612574469,0.3425653612574469,0.9393514579491237,1,
18.51999999999982,0.9460146145243473,-0.3237110901331934,0.3237110901331934,0.9460146145243473,1,
18.53999999999982,0.9522997247919994,-0.3047268226906976,0.3047268226906976,0.9522997247919994,1,
18.55999999999982,0.9582038974074609,-0.285620640913922,0.285620640913922,0.9582038974074609,1,
18.57999999999982,0.9637247284334951,-0.2664002462273149,0.2664002462273149,0.9637247284334951,1,
18.59999999999982,0.9688599556667469,-0.2470734111663655,0.2470734111663655,0.9688599556667469,1,
18.61999999999982,0.9736074586377423,-0.2276479793776039,0.2276479793776039,0.9736074586377423,1,
18.63999999999982,0.9779652807085697,-0.2081318251743946,0.2081318251743946,0.9779652807085697,1,
18.65999999999982,0.9819322011610226,-0.1885318064745467,0.1885318064745467,0.9819322011610226,1,
18.67999999999981,0.9855063095020985,-0.1688563741728585,0.1688563741728585,0.9855063095020985,1,
18.69999999999981,0.9886861818135989,-0.1491134191312349,0.1491134191312349,0.9886861818135989,1,
18.71999999999981,0.9914705565741511,-0.1293108655043369,0.1293108655043369,0.9914705565741511,1,
18.73999999999981,0.9938583360461664,-0.1094566682011074,0.1094566682011074,0.9938583360461664,1,
18.75999999999981,0.9958485876627983,-0.08955881034629383,0.08955881034629383,0.9958485876627983,1,
18.77999999999981,0.9974404606001507,-0.06962514436825956,0.06962514436825956,0.9974404606001507,1,
18.79999999999981,0.9986333148888348,-0.0496636249474965,0.0496636249474965,0.9986333148888348,1,
18.81999999999981,0.9994267306629706,-0.02968232097346016,0.02968232097346016,0.9994267306629706,1,
18.83999999999981,0.9998204162725479,-0.009689241034890198,0.009689241034890198,0.9998204162725479,1,
18.85999999999981,0.9998142470651167,0.01030760017366231,-0.01030760017366231,0.9998142470651167,1,
18.87999999999981,0.9994082664426043,0.03030018499899715,-0.03030018499899715,0.9994082664426043,1,
18.89999999999981,0.998602636527152,0.05028052883731407,-0.05028052883731407,0.998602636527152,1,
18.91999999999981,0.9973974715320975,0.07024079263238908,-0.07024079263238908,0.9973974715320975,1,
18.93999999999981,0.9957934166511447,0.09017290920762693,-0.09017290920762693,0.9957934166511447,1,
18.95999999999981,0.9937911296667972,0.1100689251550736,-0.1100689251550736,0.9937911296667972,1,
18.97999999999981,0.9913914309335112,0.1299209068649725,-0.1299209068649725,0.9913914309335112,1,
18.99999999999981,0.9885953037189421,0.1497209441395635,-0.1497209441395635,0.9885953037189421,1,
19.01999999999981,0.9854038945451875,0.1694611538068824,-0.1694611538068824,0.9854038945451875,1,
19.03999999999981,0.9818183074249895,0.1891335705801547,-0.1891335705801547,0.9818183074249895,1,
19.05999999999981,0.9778400026927585,0.2087303686744005,-0.2087303686744005,0.9778400026927585,1,
19.07999999999981,0.9734706086601526,0.2282437621954967,-0.2282437621954967,0.9734706086601526,1,
19.09999999999981,0.9687118638007931,0.2476659769381329,-0.2476659769381329,0.9687118638007931,1,
19.11999999999981,0.9635656618749099,0.2669892784993799,-0.2669892784993799,0.9635656618749099,1,
19.13999999999981,0.9580340516512492,0.2862059755536671,-0.2862059755536671,0.9580340516512492,1,
19.1599999999998,0.9521192229925807,0.3053083391574084,-0.3053083391574084,0.9521192229925807,1,
19.1799999999998,0.945823502660842,0.324288581905287,-0.324288581905287,0.945823502660842,1,
19.1999999999998,0.9391494128769757,0.3431392235179798,-0.3431392235179798,0.9391494128769757,1,
19.2199999999998,0.9320996094135718,0.3618527146158722,-0.3618527146158722,0.9320996094135718,1,
19.2399999999998,0.9246769000682931,0.380421555462309,-0.380421555462309,0.9246769000682931,1,
19.2599999999998,0.9168842442809414,0.398838298592972,-0.398838298592972,0.9168842442809414,1,
19.2799999999998,0.9087247527505226,0.4170955514452543,-0.4170955514452543,0.9087247527505226,1,
19.2999999999998,0.9002017034834024,0.435186018299044,-0.435186018299044,0.9002017034834024,1,
19.3199999999998,0.8913185048661657,0.4531024154740315,-0.4531024154740315,0.8913185048661657,1,
19.3399999999998,0.8820787216020772,0.4708375369282864,-0.4708375369282864,0.8820787216020772,1,
19.3599999999998,0.872486069810594,0.4883842460793723,-0.4883842460793723,0.872486069810594,1,
19.3799999999998,0.8625444155802958,0.5057354758877824,-0.5057354758877824,0.8625444155802958,1,
19.3999999999998,0.8522577746255623,0.5228842315810871,-0.5228842315810871,0.8522577746255623,1,
19.4199999999998,0.8416302077605566,0.5398237380794341,-0.5398237380794341,0.8416302077605566,1,
19.4399999999998,0.8306659163495391,0.5565473096700608,-0.5565473096700608,0.8306659163495391,1,
19.4599999999998,0.8193693955603795,0.5730481393978301,-0.5730481393978301,0.8193693955603795,1,
19.4799999999998,0.8077452028107177,0.5893196229221258,-0.5893196229221258,0.8077452028107177,1,
19.4999999999998,0.7957980352352982,0.6053552531682758,-0.6053552531682758,0.7957980352352982,1,
19.5199999999998,0.783532728808683,0.6211486237933286,-0.6211486237933286,0.783532728808683,1,
19.5399999999998,0.7709542348758976,0.6366934338561272,-0.6366934338561272,0.7709542348758976,1,
19.5599999999998,0.7580672222151867,0.6519835124487703,-0.6519835124487703,0.7580672222151867,1,
19.5799999999998,0.7448770921130823,0.6670127680060133,-0.6670127680060133,0.7448770921130823,1,
19.5999999999998,0.7313891321567237,0.6817752368322476,-0.6817752368322476,0.7313891321567237,1,
19.61999999999979,0.7176087492698552,0.6962650740982905,-0.6962650740982905,0.7176087492698552,1,
19.63999999999979,0.7035414678220796,0.7104765573611868,-0.7104765573611868,0.7035414678220796,1,
19.65999999999979,0.6891929277381135,0.7244040900840113,-0.7244040900840113,0.6891929277381135,1,
19.67999999999979,0.6745687456083879,0.7380418920914217,-0.7380418920914217,0.6745687456083879,1,
19.69999999999979,0.6596747276683298,0.7513844941024768,-0.7513844941024768,0.6596747276683298,1,
19.71999999999979,0.6445168604284516,0.7644267241593443,-0.7644267241593443,0.6445168604284516,1,
19.73999999999979,0.62910117447777,0.7771634042363715,-0.7771634042363715,0.62910117447777,1,
19.75999999999979,0.6134337985232045,0.7895894815693771,-0.7895894815693771,0.6134337985232045,1,
19.77999999999979,0.5975209569834347,0.8017000309976898,-0.8017000309976898,0.5975209569834347,1,
19.79999999999979,0.5813689989582098,0.8134901780833154,-0.8134901780833154,0.5813689989582098,1,
19.81999999999979,0.5649844815256437,0.8249548850521875,-0.8249548850521875,0.5649844815256437,1,
19.83999999999979,0.54837385154623,0.836089750504157,-0.836089750504157,0.54837385154623,1,
19.85999999999979,0.5315437310844291,0.8468902849913003,-0.8468902849913003,0.5315437310844291,1,
19.87999999999979,0.5145008319926658,0.8573521229594887,-0.8573521229594887,0.5145008319926658,1,
19.89999999999979,0.497251953910586,0.8674710240668052,-0.8674710240668052,0.497251953910586,1,
19.91999999999979,0.4798039822643115,0.8772428745019578,-0.8772428745019578,0.4798039822643115,1,
19.93999999999979,0.4621639968054795,0.8866638616160389,-0.8866638616160389,0.4621639968054795,1,
19.95999999999979,0.4443390513443507,0.8957301330253534,-0.8957301330253534,0.4443390513443507,1,
19.97999999999979,0.4263362836728502,0.9044379734131403,-0.9044379734131403,0.4263362836728502,1,
19.99999999999979,0.4081629360513818,0.9127838411058192,-0.9127838411058192,0.4081629360513818,1,
20,0.4081629360511873,0.9127838411059064,-0.9127838411059064,0.4081629360511873,1,
